{"blob_locs": [[449.0, 436.0], [412.0, 849.0], [460.22222222222223, 62.888888888888886], [433.8, 395.4]], "blob_intensities": {"3": [215, 215, 215, 215, 215], "1": [112, 112, 112, 112, 112, 112, 112, 112, 112, 112, 112, 112, 112, 112], "0": [214, 214, 214, 214, 214, 214, 214, 214, 214, 214, 214, 214, 214, 214, 214, 214, 214, 214, 214, 214, 214, 214], "2": [221, 218, 218, 218, 218, 218, 218, 218, 218]}, "curr_confidence_score": 46.58}