{"blob_locs": [[449.7368421052632, 433.3157894736842], [464.0, 262.5], [38.0, 651.1666666666666], [25.0, 123.5], [298.0, 464.0], [406.0, 431.5], [375.0, 850.0], [298.0, 600.0], [285.0, 852.0], [205.0, 141.0], [22.0, 816.0], [18.0, 369.0]], "blob_intensities": {"7": [166], "2": [165, 165, 165, 165, 165, 165], "3": [160, 160, 160, 160, 160, 160], "1": [133, 134, 134, 134, 133, 134, 133, 133], "0": [82, 82, 82, 82, 82, 82, 82, 82, 82, 82, 82, 82, 82, 82, 82, 82, 82, 82], "6": [131], "4": [90, 90, 90, 90], "11": [183], "5": [88, 87], "9": [196], "8": [84], "10": [172]}, "curr_confidence_score": 9.935}