{"blob_locs": [[31.0, 207.78571428571428], [454.6666666666667, 432.6666666666667], [156.0, 672.0], [463.0, 683.0], [311.0, 848.6], [274.0, 464.75]], "blob_intensities": {"2": [220, 220, 220, 220, 220, 220, 220, 220, 220, 220], "0": [212, 213, 212, 212, 212, 212, 213, 212, 212, 212, 212, 213, 212, 212], "1": [151, 151, 151, 151, 151, 151, 152, 151, 151, 152, 151, 151], "4": [116, 116, 116, 105, 105], "5": [175, 175, 175, 175], "3": [217, 217, 217, 217, 217]}, "curr_confidence_score": 31.093333333333334}