{"blob_locs": [[210.0, 434.0], [423.0, 579.5], [445.3333333333333, 832.6666666666666], [274.0, 343.0], [232.33333333333334, 674.0], [430.5, 516.0], [329.0, 841.0], [135.0, 806.0], [393.0, 841.0], [346.0, 546.0], [311.0, 620.0], [248.0, 740.0], [199.0, 770.0], [138.0, 727.0], [88.0, 729.0], [71.0, 803.0], [46.0, 724.0]], "blob_intensities": {"0": [99, 99, 99, 99, 99, 99, 99, 99, 99, 99, 99, 99, 99, 99, 99, 99, 99, 99, 99, 99, 99, 99], "11": [216], "3": [175, 175, 175], "7": [217, 217], "12": [217], "1": [214, 214, 215, 215], "2": [205, 205, 205], "13": [220], "6": [195, 195], "4": [219, 220, 220], "10": [218], "15": [217], "8": [195], "5": [217, 217], "16": [220], "9": [220], "14": [222]}, "curr_confidence_score": 9.456470588235293}