{"blob_locs": [[21.0, 582.0], [275.64285714285717, 434.2142857142857]], "blob_intensities": {"0": [110, 110, 110, 110, 110, 110, 110, 110, 110, 110, 110, 110, 110, 110, 110, 110, 110, 110, 110, 110, 110, 110, 110, 110, 110, 110, 110, 110, 110, 110, 110, 110, 110, 110, 110, 110], "1": [213, 214, 215, 215, 215, 215, 215, 215, 214, 216, 214, 214, 215, 214]}, "curr_confidence_score": 69.64}