{"blob_locs": [[13.5625, 585.46875], [191.11111111111111, 469.3333333333333]], "blob_intensities": {"0": [157, 157, 157, 156, 157, 157, 156, 157, 156, 156, 157, 156, 157, 156, 157, 156, 156, 156, 157, 157, 157, 157, 156, 156, 156, 157, 156, 158, 157, 156, 157, 157], "1": [196, 196, 196, 193, 193, 193, 196, 196, 193, 196, 196, 196, 191, 196, 196, 196, 196, 196]}, "curr_confidence_score": 85.22}