{"blob_locs": [[47.42307692307692, 567.7307692307693], [428.375, 405.4583333333333]], "blob_intensities": {"1": [201, 201, 201, 201, 201, 201, 201, 201, 201, 201, 201, 201, 201, 201, 201, 201, 201, 201, 201, 201, 201, 201, 201, 201], "0": [133, 131, 131, 133, 131, 131, 133, 131, 131, 133, 131, 133, 131, 133, 133, 131, 133, 131, 133, 131, 131, 131, 131, 131, 131, 131]}, "curr_confidence_score": 82.48}