{"blob_locs": [[53.0, 571.0], [260.3333333333333, 346.3333333333333]], "blob_intensities": {"0": [111, 111, 111, 111, 111, 111, 111, 111, 111, 111, 111, 111, 111, 111, 111, 111, 111, 111, 111, 111, 111, 111, 111, 111, 111, 111], "1": [192, 192, 192, 193, 192, 192, 192, 192, 192, 192, 192, 192, 192, 192, 192, 192, 191, 193, 192, 192, 192, 192, 192, 192]}, "curr_confidence_score": 74.95}