{"blob_locs": [[282.0, 479.0], [456.0, 96.0], [370.5, 808.5], [430.3333333333333, 795.0], [48.333333333333336, 596.0], [267.5, 816.5], [219.5, 641.0], [454.0, 44.0], [238.0, 702.0], [175.0, 821.0], [154.0, 747.0], [47.0, 723.0], [46.0, 815.0]], "blob_intensities": {"5": [202, 202], "3": [201, 202, 201], "1": [223, 223, 223, 223], "0": [95, 95, 95, 95, 95, 95, 95, 95, 95, 95, 95, 95, 95, 95, 95, 95, 95, 95, 95, 95, 95, 95, 95, 95, 95, 95], "6": [216, 213], "7": [224], "2": [202, 201, 201, 202], "11": [208], "4": [217, 219, 219], "12": [202], "8": [210], "9": [202], "10": [207]}, "curr_confidence_score": 11.558461538461538}