{"blob_locs": [[301.0, 489.0], [398.0, 748.6666666666666], [347.6666666666667, 752.0], [430.0, 573.0], [245.0, 683.0], [58.0, 807.0], [429.0, 629.0], [313.0, 613.0], [269.0, 806.0], [198.0, 796.0], [141.0, 807.0], [138.0, 630.0], [83.0, 738.0], [81.0, 625.0], [48.0, 659.0]], "blob_intensities": {"4": [216, 217], "3": [220, 220], "5": [208, 209], "0": [103, 103, 103, 103, 103, 103, 103, 103, 103, 103, 103, 103, 103, 103, 103, 103, 103, 103, 103, 103, 103, 103, 103, 103, 103, 103, 103, 103, 103, 103], "9": [211], "14": [217], "11": [220], "7": [219], "13": [220], "8": [210], "6": [217], "10": [210], "2": [212, 212, 212], "12": [213], "1": [211, 211]}, "curr_confidence_score": 9.833333333333334}