{"blob_locs": [[213.0, 366.0], [279.2, 798.6], [139.75, 798.75], [432.0, 653.6666666666666], [430.6666666666667, 714.6666666666666], [195.0, 442.0], [100.66666666666667, 748.6666666666666], [430.0, 793.0], [47.0, 806.0], [46.0, 658.0], [372.0, 729.0], [337.0, 755.0], [47.0, 745.0]], "blob_intensities": {"5": [143, 143, 143], "3": [221, 221, 221], "4": [219, 219, 218], "10": [220], "8": [210, 210], "0": [102, 102, 102, 102, 102, 102, 102, 102, 102, 102, 102, 102, 102, 102, 102, 102, 102, 102, 102, 102], "6": [216, 215, 216], "7": [215, 216], "1": [220, 221, 220, 221, 220], "11": [221], "9": [218, 218], "2": [213, 214, 215, 216], "12": [213]}, "curr_confidence_score": 12.824615384615385}