{"blob_locs": [[236.95454545454547, 465.0], [126.0, 308.0], [78.5, 680.0], [432.6666666666667, 821.0], [361.5, 608.5], [319.0, 669.5], [313.0, 748.0], [42.5, 822.0], [365.0, 649.0], [269.0, 630.0], [112.0, 752.0], [108.0, 612.0]], "blob_intensities": {"8": [215], "0": [163, 163, 163, 163, 163, 163, 163, 163, 163, 163, 163, 163, 163, 163, 163, 163, 163, 163, 163, 163, 163, 163], "1": [241, 241, 241, 241, 241, 241, 241, 241], "7": [202, 202], "11": [219], "9": [217], "5": [216, 213], "10": [208], "2": [214, 214, 213, 213, 215], "3": [203, 203, 203], "6": [208, 209], "4": [218, 218]}, "curr_confidence_score": 16.228333333333335}