{"blob_locs": [[453.6666666666667, 343.4166666666667], [153.3, 175.1], [228.75, 205.375], [405.42857142857144, 296.57142857142856], [260.0, 852.0], [435.8, 224.2], [413.0, 851.0]], "blob_intensities": {"1": [219, 219, 219, 219, 219, 219, 219, 219, 219, 219], "4": [109, 109, 109, 109, 109, 109, 109], "5": [216, 216, 214, 216, 216], "0": [206, 206, 213, 206, 206, 206, 206, 213, 206, 206, 208, 206], "3": [217, 215, 214, 214, 216, 216, 213], "2": [222, 226, 222, 222, 222, 222, 222, 222], "6": [144]}, "curr_confidence_score": 28.422857142857143}