{"blob_locs": [[285.0, 483.0], [432.42857142857144, 305.42857142857144], [117.16666666666667, 601.8333333333334], [48.4, 735.8], [239.0, 346.0], [438.0, 850.0], [49.0, 610.0]], "blob_intensities": {"0": [112, 112, 112, 112, 112, 112, 112, 112, 112, 112, 112, 112, 112, 112, 112, 112, 112, 112, 112, 112, 112, 112, 112], "5": [138, 138, 138], "3": [213, 212, 214, 213, 214], "4": [194, 194, 194, 194], "2": [215, 214, 214, 215, 213, 215], "1": [215, 215, 215, 215, 215, 215, 215], "6": [213, 213]}, "curr_confidence_score": 22.997142857142855}