{"blob_locs": [[462.0, 56.0], [116.0, 265.0], [71.33333333333333, 757.3333333333334], [248.0, 473.0], [428.25, 765.5], [223.0, 342.0], [48.0, 835.0], [445.6666666666667, 315.3333333333333], [381.0, 310.5], [95.5, 836.5], [432.0, 253.0], [372.0, 767.0], [320.0, 822.0], [301.0, 486.0], [210.0, 817.0], [175.0, 797.0], [143.0, 445.0]], "blob_intensities": {"4": [156, 154, 154, 156], "1": [190, 190, 190, 190, 190, 190], "5": [181, 181, 181, 181], "10": [214], "0": [203, 203, 203, 203, 203, 203, 203, 203], "7": [207, 205, 205], "8": [212, 211], "3": [130, 130, 130, 130, 130], "6": [143, 143, 143], "16": [184], "9": [145, 143], "2": [155, 155, 156, 156, 156, 155], "14": [149], "11": [156], "12": [149], "15": [152], "13": [137]}, "curr_confidence_score": 10.104705882352942}