{"blob_locs": [[248.0, 452.0], [264.54545454545456, 231.36363636363637], [80.2, 169.0], [151.0, 564.0], [114.0, 261.0], [42.0, 663.0], [353.0, 236.0], [167.0, 233.0]], "blob_intensities": {"1": [213, 213, 212, 215, 213, 215, 214, 214, 214, 215, 214], "6": [215, 214], "3": [214, 218, 216], "0": [117, 117, 117, 117, 117, 117, 117, 117, 117, 117, 117, 117, 117, 117, 117, 117, 117, 117, 117, 117, 117], "2": [211, 211, 212, 212, 211, 211, 212], "5": [223, 223], "4": [213, 210, 215], "7": [213]}, "curr_confidence_score": 21.6575}