{"blob_locs": [[234.0, 439.0], [392.0, 847.0], [127.8, 310.0], [376.25, 199.75], [109.33333333333333, 16.0], [200.0, 6.0], [281.0, 849.0], [276.0, 239.0], [95.0, 385.0]], "blob_intensities": {"1": [202, 202, 202, 202, 202, 202, 202, 202, 202, 202, 202, 202], "3": [215, 214, 214, 214], "0": [108, 108, 108, 108, 108, 108, 108, 108, 108, 108, 108, 108, 108, 108, 108, 108, 108, 108, 108, 108, 108], "8": [220], "2": [206, 206, 205, 204, 205], "6": [204], "4": [208, 207, 208], "5": [186, 186], "7": [220]}, "curr_confidence_score": 18.253333333333334}