{"blob_locs": [[254.0, 455.0], [108.58333333333333, 570.5833333333334]], "blob_intensities": {"0": [204, 204, 204, 204, 204, 204, 204, 204, 204, 204, 204, 204, 204, 204, 204, 204, 204, 204, 204, 204, 204, 204, 204, 204, 204, 204, 204, 204, 204, 204, 204, 204, 204, 204, 204, 204, 204, 204], "1": [219, 219, 219, 219, 219, 219, 219, 219, 219, 219, 219, 219]}, "curr_confidence_score": 103.8}