{"blob_locs": [[231.0, 338.0], [42.666666666666664, 428.3333333333333], [26.666666666666668, 47.666666666666664], [122.75, 682.5], [29.0, 823.0], [432.0, 723.0], [430.0, 796.0], [159.0, 735.0], [126.0, 762.0], [47.0, 545.0], [23.0, 277.0], [20.0, 129.0]], "blob_intensities": {"3": [218, 218, 216, 218], "0": [71, 71, 71, 71, 71, 71, 71, 71, 71, 71, 71, 71, 71, 71, 71, 71, 71, 71, 71, 71, 71, 71, 71, 71], "1": [220, 221, 221, 220, 220, 221, 220], "11": [222], "9": [218], "2": [221, 221, 220, 221, 221, 221], "5": [222], "4": [207, 207], "6": [221], "8": [214], "7": [217], "10": [223]}, "curr_confidence_score": 12.321666666666667}