{"blob_locs": [[137.2, 424.1], [434.6666666666667, 844.0], [246.0, 438.0], [438.25, 328.0], [48.75, 802.75], [205.66666666666666, 668.0], [47.0, 617.3333333333334], [429.0, 645.0], [375.0, 653.0], [295.0, 654.0], [430.0, 514.0], [381.0, 846.0], [135.0, 663.0], [95.0, 808.0]], "blob_intensities": {"4": [178, 176, 176, 176], "0": [203, 203, 203, 203, 203, 203, 203, 203, 203, 203], "3": [221, 221, 221, 221], "9": [197, 197], "6": [198, 198, 197], "1": [88, 88, 88, 88, 88, 88, 88, 88, 88], "2": [200, 200, 200, 200, 200, 200, 200], "13": [176], "5": [197, 195, 196], "11": [97], "12": [196], "7": [197, 196], "8": [196, 197], "10": [211]}, "curr_confidence_score": 12.647142857142857}