{"blob_locs": [[239.53846153846155, 348.53846153846155], [432.6666666666667, 201.5], [41.0, 811.5], [432.25, 263.5], [41.75, 151.75], [45.333333333333336, 530.0], [44.666666666666664, 261.3333333333333], [384.0, 555.0], [136.0, 396.0], [52.0, 611.5], [430.0, 786.0], [429.0, 481.0], [427.0, 703.0], [260.0, 788.0], [207.0, 807.0], [80.0, 676.0]], "blob_intensities": {"0": [152, 152, 152, 152, 152, 152, 152, 152, 152, 152, 152, 152, 151], "11": [210], "1": [219, 219, 219, 219, 220], "4": [217, 216, 217, 216], "8": [156, 156], "14": [192], "5": [197, 200, 198], "2": [181, 181, 181, 181, 181, 181], "9": [195, 194], "12": [201], "10": [196], "3": [219, 219, 219, 219], "13": [196], "6": [213, 212, 211], "15": [192], "7": [188, 188]}, "curr_confidence_score": 11.7425}