{"blob_locs": [[72.0, 232.0], [414.22222222222223, 820.0], [363.125, 825.875], [147.5, 832.0], [261.0, 757.0]], "blob_intensities": {"0": [80, 80, 80, 80, 80, 80, 80, 80, 80, 80, 80, 80, 80, 80, 80, 80, 80, 80, 80, 80, 80, 80, 80, 80, 80, 80, 80, 80, 80], "3": [224, 224, 224, 224], "2": [224, 224, 224, 224, 224, 224, 224], "1": [224, 224, 224, 224, 224, 224, 224], "4": [227, 227, 227]}, "curr_confidence_score": 28.131999999999998}