{"blob_locs": [[385.14285714285717, 531.0], [389.4, 366.0], [454.0, 424.0]], "blob_intensities": {"0": [250, 250, 250, 250, 250, 250, 250, 250, 250, 250, 250, 250, 250, 250, 250, 250, 250, 250, 250, 250, 250, 250, 250, 250, 250, 250, 250, 250, 250, 250, 250, 250, 250, 250, 250, 250, 250, 250, 250, 250, 250, 250], "1": [206, 206, 206, 206, 206], "2": [205, 205, 205]}, "curr_confidence_score": 80.96666666666667}