{"blob_locs": [[431.54545454545456, 183.1818181818182], [391.75, 555.625], [131.0, 400.0], [41.25, 294.0], [44.4, 608.2], [158.5, 795.75], [14.0, 47.0], [429.0, 779.0], [372.0, 723.0], [229.0, 812.0]], "blob_intensities": {"0": [214, 214, 214, 214, 214, 214, 214, 214, 214, 214, 214], "8": [192], "5": [174, 174, 175, 175], "2": [158, 158, 158, 158, 158, 158, 158, 158], "1": [168, 163, 163, 163, 168, 163, 163, 163], "3": [198, 197, 197, 195, 196, 197, 197, 198], "4": [178, 178, 175, 177, 179, 178], "9": [179], "6": [203, 203], "7": [188]}, "curr_confidence_score": 18.47}