{"blob_locs": [[126.0, 399.0], [44.857142857142854, 332.42857142857144], [432.3333333333333, 259.1666666666667], [301.0, 509.0], [63.5, 740.75], [71.0, 794.6666666666666], [432.0, 327.5], [431.5, 750.0], [264.0, 702.5], [459.0, 479.0], [425.0, 807.0], [386.0, 576.0], [372.0, 811.0], [346.0, 611.0], [169.0, 807.0], [47.0, 468.0], [46.0, 387.0]], "blob_intensities": {"1": [219, 219, 219, 219, 219, 219, 219], "6": [217, 217], "15": [213], "3": [167, 167, 167, 167, 167], "2": [220, 220, 220, 219, 220, 220], "4": [199, 198, 200], "0": [178, 178, 178, 178, 178, 178, 178, 178, 178, 178, 178, 178], "9": [204], "10": [201], "5": [194, 197, 196], "14": [199], "16": [216], "7": [201, 201], "11": [210], "12": [203], "8": [210, 209], "13": [211]}, "curr_confidence_score": 11.669411764705883}