{"blob_locs": [[117.91176470588235, 265.9117647058824], [348.0, 726.0], [460.0, 838.0]], "blob_intensities": {"0": [164, 164, 164, 164, 164, 165, 164, 164, 164, 164, 164, 164, 165, 164, 164, 164, 164, 164, 164, 164, 164, 164, 164, 164, 164, 164, 164, 164, 164, 165, 164, 164, 164, 164], "1": [248, 248, 248, 248, 248, 248, 248, 248, 248], "2": [208, 208, 208, 208, 208, 208, 208]}, "curr_confidence_score": 61.78}