{"blob_locs": [[444.38461538461536, 836.7692307692307], [294.0, 298.0], [431.1818181818182, 111.9090909090909], [254.0, 463.0], [183.25, 839.5], [353.0, 388.0], [197.0, 362.0], [296.0, 841.0]], "blob_intensities": {"0": [125, 124, 125, 125, 124, 125, 125, 124, 125, 125, 125, 125, 126], "2": [220, 219, 219, 219, 219, 220, 219, 219, 220, 219, 219], "4": [153, 157, 156, 156], "1": [118, 118, 118, 118, 118, 118, 118, 118, 118, 118, 118, 118, 118], "3": [130, 130, 130, 130], "5": [212, 212], "6": [114, 114], "7": [139]}, "curr_confidence_score": 18.755}