{"blob_locs": [[210.86666666666667, 846.0], [255.2, 84.2], [60.0, 438.8], [283.0, 351.0], [49.25, 780.75], [432.0, 651.3333333333334], [45.333333333333336, 144.66666666666666], [38.333333333333336, 195.66666666666666], [416.0, 388.0], [105.0, 104.0], [439.0, 157.0], [393.0, 666.0], [326.0, 96.0], [230.0, 665.0]], "blob_intensities": {"0": [144, 145, 145, 144, 145, 144, 145, 144, 145, 144, 144, 144, 143, 144, 144], "2": [199, 199, 199, 199, 199], "4": [187, 185, 183, 184, 185], "5": [197, 197, 197], "1": [194, 199, 198, 195, 197], "7": [199, 198, 199], "3": [119, 119, 119, 119], "6": [198, 197], "13": [198], "10": [202], "12": [200], "9": [191, 193], "8": [193, 194], "11": [199]}, "curr_confidence_score": 12.42}