{"blob_locs": [[304.0, 349.0], [23.0, 592.1111111111111], [221.2, 171.0], [20.2, 773.8], [255.5, 220.0], [451.0, 92.66666666666667], [234.0, 851.0], [22.666666666666668, 210.0], [22.0, 819.0], [30.0, 84.0], [276.0, 852.0], [105.0, 683.0]], "blob_intensities": {"0": [72, 72, 72, 72, 72, 72, 72, 72, 72, 72, 72, 72], "8": [98, 98, 98], "4": [190, 200, 201], "3": [92, 92, 92, 95, 95], "2": [198, 195, 198, 196, 203], "9": [187, 187], "1": [124, 124, 124, 124, 124, 124, 124, 124, 124], "5": [205, 205, 205], "6": [106, 106, 106], "7": [179, 175, 175], "10": [108], "11": [116]}, "curr_confidence_score": 10.635}