{"blob_locs": [[119.33333333333333, 175.77777777777777], [408.5, 440.0], [22.125, 628.75], [454.0, 133.5], [269.0, 649.6666666666666], [48.666666666666664, 493.3333333333333], [463.0, 846.0], [385.5, 646.5], [301.0, 850.0], [209.0, 847.0], [248.0, 406.0], [236.0, 197.0], [185.0, 413.0], [87.0, 726.0], [57.0, 697.0], [49.0, 341.0], [24.0, 806.0]], "blob_intensities": {"2": [186, 187, 186, 186, 184, 186, 186, 186], "3": [192, 192, 192, 192], "10": [195], "4": [210, 209, 209], "11": [212], "0": [202, 202, 202, 204, 202, 202, 202, 202, 202], "1": [182, 182, 182, 181, 181, 182, 182, 182], "16": [203], "14": [192], "6": [128, 128], "7": [208, 210], "8": [118, 118], "5": [199, 199, 199], "15": [212], "9": [105, 105], "13": [196], "12": [189]}, "curr_confidence_score": 10.909411764705883}