{"blob_locs": [[270.0, 298.0], [183.8, 841.0], [392.6666666666667, 842.6666666666666], [260.0, 843.0]], "blob_intensities": {"0": [97, 97, 97, 97, 97, 97, 97, 97, 97, 97, 97, 97, 97, 97, 97, 97, 97, 97, 97, 97, 97, 97, 97, 97, 97, 97, 97, 97, 97, 97, 97, 97, 97, 97], "1": [185, 185, 185, 185, 185, 183, 183, 185, 185, 185], "3": [190, 190, 191], "2": [188, 188, 187]}, "curr_confidence_score": 31.39}