{"blob_locs": [[20.076923076923077, 615.2307692307693], [459.0, 211.33333333333334], [208.25, 444.0], [37.8, 48.2], [468.0, 431.0], [228.0, 850.0], [456.0, 839.0], [199.0, 53.5], [392.0, 844.0], [305.0, 126.0], [302.0, 333.0], [129.0, 60.0]], "blob_intensities": {"2": [117, 114, 114, 114, 114, 114, 114, 114], "0": [138, 138, 138, 138, 138, 138, 138, 138, 140, 138, 138, 138, 138], "9": [198], "5": [78, 78, 78], "1": [162, 162, 162, 162, 162, 162, 162, 162, 162], "4": [107, 107, 107, 107], "6": [169, 169], "3": [191, 191, 191, 190, 190], "10": [111], "7": [199, 200], "11": [194], "8": [157]}, "curr_confidence_score": 11.968333333333334}