{"blob_locs": [[127.78571428571429, 664.5], [230.0, 471.0], [309.0, 338.0], [310.0, 851.0], [255.33333333333334, 138.0], [102.66666666666667, 84.33333333333333], [452.0, 130.0], [450.0, 610.5], [457.0, 239.0], [436.0, 366.0], [281.0, 715.0], [152.0, 42.0], [47.0, 389.0]], "blob_intensities": {"3": [87, 87, 87], "2": [106, 106, 106, 106, 106, 106, 106, 106], "0": [178, 179, 178, 178, 178, 178, 178, 178, 178, 178, 178, 181, 178, 178], "6": [210, 210], "1": [175, 175, 175, 175, 175, 175, 175, 175, 175, 175], "11": [212], "12": [214], "4": [201, 201, 201], "7": [198, 199], "5": [215, 216, 217], "8": [205], "9": [177], "10": [196]}, "curr_confidence_score": 12.964615384615383}