{"blob_locs": [[159.28571428571428, 430.0], [13.0, 845.0], [463.0, 372.0], [439.2, 189.4], [451.0, 825.0], [271.5, 524.5], [252.66666666666666, 478.3333333333333], [240.0, 326.0], [161.33333333333334, 175.0], [76.0, 36.666666666666664], [295.0, 851.0], [295.0, 137.0], [167.0, 99.0], [93.0, 539.0], [50.0, 352.0], [48.0, 538.0], [32.0, 751.0]], "blob_intensities": {"4": [136, 136, 136, 136], "1": [137, 137, 137, 137, 137, 137], "9": [197, 197, 197], "7": [171, 171, 171], "10": [75, 75], "13": [194], "0": [163, 163, 167, 163, 163, 167, 163], "3": [179, 179, 182, 182, 180], "16": [169], "14": [194], "6": [167, 167, 166], "2": [165, 165, 165, 165, 165], "8": [190, 191, 194], "11": [191], "5": [181, 181, 183], "15": [193], "12": [199]}, "curr_confidence_score": 9.712941176470588}