{"blob_locs": [[230.57142857142858, 441.0], [243.0, 850.0], [256.6, 147.0], [337.0, 735.0], [206.75, 134.75], [23.5, 721.5], [261.3333333333333, 683.6666666666666], [64.0, 148.0], [252.0, 337.0], [468.0, 89.0], [463.0, 212.0], [448.0, 321.0], [311.0, 658.0], [171.0, 600.0]], "blob_intensities": {"0": [182, 182, 183, 182, 183, 182, 183, 183, 183, 183, 182, 182, 183, 183], "2": [197, 197, 195, 198, 197], "5": [198, 194, 194, 198], "4": [200, 200, 200, 200], "11": [216], "13": [184], "6": [181, 185, 182], "12": [182], "7": [215, 215, 213], "1": [119, 119, 119, 119, 119, 119], "8": [202, 202], "3": [167, 179, 176, 171], "10": [202], "9": [192]}, "curr_confidence_score": 13.002857142857142}