{"blob_locs": [[292.8888888888889, 484.22222222222223], [449.0, 134.42857142857142], [147.0, 419.0], [438.5, 535.25], [46.0, 585.25], [45.75, 116.75], [260.3333333333333, 158.0], [36.666666666666664, 739.3333333333334], [347.0, 850.0], [256.5, 215.0], [346.0, 569.0], [342.0, 155.0], [254.0, 305.0], [240.0, 519.0], [164.0, 318.0], [87.0, 116.0], [50.0, 513.0]], "blob_intensities": {"0": [158, 158, 158, 158, 158, 158, 158, 158, 176], "1": [190, 191, 191, 191, 191, 190, 191], "15": [202], "12": [196], "2": [158, 158, 158, 158, 158], "9": [193, 194], "4": [187, 187, 187, 187], "3": [170, 170, 170, 174], "7": [193, 194, 194], "13": [181], "5": [199, 196, 200, 199], "14": [199], "6": [194, 197, 198], "11": [198], "16": [195], "10": [177], "8": [64, 64]}, "curr_confidence_score": 10.381176470588235}