{"blob_locs": [[465.7142857142857, 40.285714285714285], [237.42857142857142, 821.0], [49.285714285714285, 547.0], [235.2, 526.0], [336.5, 835.0], [361.3333333333333, 84.66666666666667], [325.0, 555.3333333333334], [225.66666666666666, 378.6666666666667], [207.66666666666666, 84.66666666666667], [150.5, 431.0], [82.5, 47.5], [183.0, 537.0], [101.0, 546.0], [88.0, 321.0], [76.0, 738.0]], "blob_intensities": {"7": [215, 201, 201], "5": [174, 172, 175], "3": [211, 213, 212, 209, 211], "4": [203, 202, 203, 203], "12": [207], "13": [219], "0": [147, 148, 148, 148, 148, 148, 148], "9": [208, 207], "8": [181, 182, 181], "11": [210], "1": [201, 201, 200, 201, 200, 200, 201], "2": [195, 196, 195, 195, 195, 195, 195], "6": [215, 216, 215], "10": [192, 196], "14": [207]}, "curr_confidence_score": 12.861333333333333}