{"blob_locs": [[49.166666666666664, 299.3333333333333], [250.6, 675.4], [45.2, 175.0], [436.75, 95.75], [409.25, 262.5], [326.6666666666667, 700.3333333333334], [273.0, 254.66666666666666], [268.0, 846.0], [265.0, 492.0], [48.333333333333336, 704.3333333333334], [327.5, 259.5], [222.0, 254.5], [272.0, 628.0], [224.0, 475.0], [219.0, 756.0], [151.0, 427.0], [125.0, 684.0], [46.0, 756.0], [45.0, 229.0]], "blob_intensities": {"0": [218, 219, 219, 221, 217, 219], "10": [222, 222], "15": [211], "8": [218, 218, 218], "1": [212, 210, 211, 214, 210], "7": [169, 169, 169], "13": [220], "9": [221, 220, 218], "11": [222, 220], "4": [221, 219, 219, 221], "6": [221, 221, 221], "14": [216], "2": [218, 218, 218, 218, 217], "5": [215, 215, 215], "12": [221], "3": [217, 216, 216, 216], "16": [215], "17": [219], "18": [217]}, "curr_confidence_score": 11.302105263157895}