{"blob_locs": [[403.0, 258.0], [438.0, 41.0], [62.57142857142857, 772.7142857142857], [317.1666666666667, 321.0], [226.0, 455.5], [192.0, 801.25], [420.6666666666667, 799.0], [265.5, 802.5], [346.0, 808.0]], "blob_intensities": {"2": [222, 222, 221, 222, 221, 222, 222], "6": [220, 221, 220], "1": [222, 222, 222, 222, 222, 222, 222, 222], "4": [199, 199, 199, 199], "0": [128, 128, 128, 128, 128, 128, 128, 128, 128, 128, 128, 128, 128, 128, 128], "3": [146, 146, 146, 146, 146, 146], "5": [221, 221, 221, 221], "7": [221, 221], "8": [221]}, "curr_confidence_score": 20.284444444444446}