{"blob_locs": [[225.0, 455.0], [299.25, 838.0], [207.33333333333334, 844.0], [42.333333333333336, 810.3333333333334], [448.0, 444.0], [432.0, 849.0], [256.0, 840.0]], "blob_intensities": {"0": [88, 88, 88, 88, 88, 88, 88, 88, 88, 88, 88, 88, 88, 88, 88, 88, 88, 88, 88, 88, 88, 88, 88, 88, 88, 88, 88, 88, 88, 88, 88, 88, 88, 88, 88], "2": [204, 204, 206], "1": [217, 217, 218, 217], "6": [219], "4": [220, 220], "3": [225, 225, 225], "5": [191, 191]}, "curr_confidence_score": 17.94}