{"blob_locs": [[265.7916666666667, 476.7083333333333], [64.55555555555556, 245.55555555555554], [448.14285714285717, 372.0], [53.0, 373.3333333333333], [52.0, 577.5]], "blob_intensities": {"0": [132, 132, 132, 136, 136, 136, 133, 133, 132, 133, 132, 132, 133, 136, 133, 132, 132, 132, 132, 133, 136, 132, 136, 136], "3": [211, 211, 215, 215, 215, 213], "1": [223, 223, 223, 222, 223, 222, 223, 223, 221], "2": [161, 160, 160, 160, 160, 160, 160], "4": [219, 218, 218, 218]}, "curr_confidence_score": 33.916000000000004}