{"blob_locs": [[32.0, 96.0], [280.3333333333333, 469.6666666666667], [416.0, 262.0], [373.0, 321.0], [431.0, 394.5]], "blob_intensities": {"4": [211, 211], "1": [201, 201, 201, 200, 201, 200, 201, 200, 201, 201, 201, 200, 201, 201, 200], "0": [222, 222, 222, 222, 222, 222, 222, 222, 222, 222, 222, 222, 222, 222, 222, 222, 222, 222], "2": [158, 158, 158, 158, 158, 158, 158, 158], "3": [247, 247, 247, 247, 247, 247, 247]}, "curr_confidence_score": 41.684}