{"blob_locs": [[358.0, 291.0], [212.0, 443.0], [430.5, 799.6666666666666], [435.8, 760.0], [172.33333333333334, 792.3333333333334], [353.0, 574.0], [322.0, 725.0], [303.0, 653.0], [286.0, 706.0], [221.0, 617.0], [68.0, 655.0], [50.0, 779.0]], "blob_intensities": {"7": [211], "5": [210], "0": [95, 95, 95, 95, 95, 95, 95, 95, 95, 95, 95, 95, 95, 95, 95, 95, 95, 95, 95, 95, 95], "1": [120, 120, 120, 120, 120, 120, 120, 120, 120, 120], "2": [201, 201, 201, 201, 201, 201], "3": [202, 202, 202], "11": [216], "4": [211, 213, 212], "6": [209], "10": [221], "8": [211], "9": [216]}, "curr_confidence_score": 11.895000000000001}